{
  "AB": [
    0.5519125683060109,
    0.5702576112412178,
    0.5893832943013271
  ],
  "AN": [
    0.5408025415210836,
    0.5455894318671325,
    0.5504714497678649
  ],
  "AS": [
    0.512680155210643,
    0.5175766814486327,
    0.5221966232446416
  ],
  "AX": [
    0.5246904220368966,
    0.5295678544351782,
    0.53434420015163
  ],
  "BA": [
    0.48818005945359316,
    0.4932760817250979,
    0.49818336243099137
  ],
  "BE": [
    0.45469348659003833,
    0.4605232996037594,
    0.4659273995480892
  ],
  "BI": [
    0.43155697787672187,
    0.4368164741895088,
    0.4422999860859886
  ],
  "CH": [
    0.45779880310182064,
    0.4628568217576984,
    0.4680827152169027
  ],
  "EL": [
    0.43513149341855806,
    0.44022533990574725,
    0.44510115920047666
  ],
  "FA": [
    0.48412104584944093,
    0.48826744814399137,
    0.49280874589516566
  ],
  "GI": [
    0.466074278008765,
    0.47052477806495113,
    0.47497471626025395
  ],
  "GO": [
    0.5562842676880296,
    0.5614522941315354,
    0.5665678533015032
  ],
  "HA": [
    0.4987712937384899,
    0.5048726212400245,
    0.5107821132596686
  ],
  "IN": [
    0.48887957277746247,
    0.49420824518858675,
    0.4990454568907693
  ],
  "JC": [
    0.4683095711910149,
    0.47342093067633506,
    0.47861407191342037
  ],
  "JN": [
    0.5245828284232901,
    0.5290331552076919,
    0.533225232920797
  ],
  "KY": [
    0.5288009506446152,
    0.5330338151669054,
    0.5375054260537396
  ],
  "LE": [
    0.511410207829306,
    0.5166292593348296,
    0.5217594077010522
  ],
  "MA": [
    0.46280120834601784,
    0.46746130248460294,
    0.4721916492986441
  ],
  "MI": [
    0.515596519585927,
    0.5213742820786188,
    0.5272552189015373
  ],
  "NA": [
    0.5360089244020132,
    0.5408343278161158,
    0.5456091423234577
  ],
  "PO": [
    0.5325280234898709,
    0.5365367213901867,
    0.5408053406215951
  ],
  "RA": [
    0.43522943539860437,
    0.4417001480228378,
    0.4479593994502009
  ],
  "SI": [
    0.5032473385259005,
    0.5092683922315567,
    0.5149833339002075
  ],
  "SL": [
    0.5985900891561269,
    0.6118598382749326,
    0.6259641302094132
  ],
  "SO": [
    0.5513555555555556,
    0.5555777777777777,
    0.56029
  ],
  "TE": [
    0.4065077978172706,
    0.4121138184575818,
    0.4178179300339609
  ],
  "ZA": [
    0.4267390479802769,
    0.4328086478285606,
    0.439029963967381
  ]
}